Time,Cost
8004.17,0.000707073747413828
11847.91,0.00049018117322098
11834.38,0.000514339668701852
6379.14,0.000517445005916916
14641.75,0.000517812126054132
