Time,Cost
213.46,0.000724407254432672
152.71,0.000650731140389248
168.35,0.000625808516243432
149.42,0.00060393928664894
131.2,0.000584749364826708
178.06,0.000725967623547558
